,Zona,Titulo,Teléfono,Dirección,Información General,Principal,Enrolment,Ethos,Catchment,Fees
0,Dublin-1,Belvedere College S.J. ,Phone:_ 01-8586600  ," 6 Gt Denmark Street Dublin 1  ,Dublin City D01TK25",Post Primary School  Roll number:_60520P e:_dreddy@belvederecollege.ie w:_www.belvederecollege.ie, Principal:_Gerry Foley ,Enrolment:_Boys:_1003    (2022/23) ,Ethos:_Catholic   ,:_North Inner City ,"Fees:_Yes €6,530"
1,Dublin-1,Larkin Community College ,Phone:_ 01-8741913  ," Champions Avenue, Cathal Brugha Street Dublin 1  ,Dublin City D01WD93",Post Primary School  Roll number:_76077O e:_info@larkincommunitycollege.ie w:_www.larkincommunitycollege.ie  Check out their Facebook page, Principal:_Thomas Usher ,Enrolment:_Boys:_204 Girls:_203    (2022/23) ,Ethos:_Inter Denominational   ,:_North Inner City ,Fees:_No 
2,Dublin-1,Mount Carmel Secondary School ,Phone:_ 01-8730958  ," Kings Inn Street, Dublin  ,Dublin City D01W657",Post Primary School  Roll number:_60853T e:_info@mountcarmel.ie w:_mountcarmelsecondaryschool.ie, Principal:_Mr Gerard Cullen ,Enrolment:_Girls:_399    (2022/23) ,Ethos:_Catholic   ,:_North Inner City ,Fees:_No 
3,Dublin-1,O'connell School ,Phone:_ 01-8748307  ," North Richmond Street Dublin 1  ,Dublin City D01Y4A9",Post Primary School  Roll number:_60440R e:_secretary@oconnellschool.ie w:_oconnellschool.ie  Check out their facebook!, Principal:_Liam Newell ,Enrolment:_Boys:_213    (2022/23) ,Ethos:_Catholic   ,:_North Inner City ,Fees:_No 
4,Dublin-2,Loreto College ,Phone:_ 01-6618179  ," 53 St Stephens Green Dublin 2  ,Dublin City D02XE79",Post Primary School  Roll number:_60820E e:_info@loretothegreen.ie w:_www.loretothegreen.ie, Principal:_Jacqueline Dempsey ,Enrolment:_Girls:_570    (2022/23) ,Ethos:_Catholic   ,:_South Inner City ,"Fees:_Yes €5,200"
5,Dublin-2,Institute Of Education ,Phone:_ 01 6613511  ," 79/85 Lower Leeson Street Dublin 2  ,Dublin City 2",Post Primary School  Roll number:_50002K e:_info@instituteofeducation.ie w:_www.ioe.ie, Principal:_Anne Marie Griffin ,Enrolment:_   (2022/23) ,Ethos:_    ,,Fees:_ Yes
6,Dublin-2,Catholic University School ,Phone:_ 01-6762586  ," 89 Lower Leeson Street Dublin 2  ,Dublin City D02KC81",Post Primary School  Roll number:_60540V e:_office@cus.ie w:_www.cus.ie  Check out their Facebook page!, Principal:_Clive Martin ,Enrolment:_Boys:_561    (2022/23) ,Ethos:_Catholic   ,:_South Inner City ,"Fees:_Yes €5,700"
7,Dublin-2,C.B.S. Westland Row ,Phone:_ 01-6614143  ," Westland Row Dublin 2  ,Dublin City D02YX80",Post Primary School  Roll number:_60490J e:_info@cbswestlandrow.ie w:_www.cbswestlandrow.ie, Principal:_Kate Byrne ,Enrolment:_Boys:_97 Girls:_90    (2022/23) ,Ethos:_Catholic   ,:_South Inner City ,Fees:_No 
8,Dublin-3,Holy Faith Secondary School ,Phone:_ 01-8331507  ," 1 Belgrove Road Clontarf Dublin 3  ,Dublin City D03R528",Post Primary School  Roll number:_60750J e:_admin@holyfaithclontarf.com   w:_www.holyfaithclontarf.com, Principal:_Ms Deirdre Gogarty ,Enrolment:_Girls:_643    (2022/23) ,Ethos:_Catholic   ,:_Edenmore-Raheny-Clontarf-Killester ,Fees:_No 
9,Dublin-3,Marino College ,Phone:_ 01-8332100  ," 14-20 Marino Mart Fairview Dublin 3  ,Dublin City D03DR72",Post Primary School  Roll number:_70250S e:_info@marino.cdetb.ie w:_www.marinocollege.ie  Check out their facebook!, Principal:_Mary McAteer ,Enrolment:_Boys:_106 Girls:_154    (2022/23) ,Ethos:_Inter Denominational   ,:_Finglas ,Fees:_No 
10,Dublin-3,Mount Temple Comprehensive School ,Phone:_ 01-8336984  ," Malahide Road Dublin 3  ,Dublin City D03DX79",Post Primary School  Roll number:_81002K e:_office@mounttemple.ie w:_www.mounttemple.ie, Principal:_Liam Wegimont ,Enrolment:_Boys:_467 Girls:_425    (2022/23) ,Ethos:_Church Of Ireland   ,":_Non-Catholic Schools, Dublin ",Fees:_No 
11,Dublin-3,St Josephs C.B.S. ,Phone:_ 01-8339779  ," Merville Ave Fairview Dublin 3  ,Dublin City D03PF72",Post Primary School  Roll number:_60390F e:_info@stjosephsfairview.ie w:_www.stjosephsfairview.ie, Principal:_Sean Stack ,Enrolment:_Boys:_255    (2022/23) ,Ethos:_Catholic   ,:_North Inner City ,Fees:_No 
12,Dublin-4,The Teresian School ,Phone:_ 01-2691376  ," 12 Stillorgan Road Donnybrook Dublin 4  ,Dublin City D04E9X5",Post Primary School  Roll number:_60892G e:_secretary@teresian.ie w:_www.teresian.ie, Principal:_Deirdre Hickey ,Enrolment:_Girls:_236    (2022/23) ,Ethos:_Catholic   ,:_Sandymount-Ballsbridge-Donnybrook ,"Fees:_Yes €5,965"
13,Dublin-4,St Conleths College ,Phone:_ 01-6680022  ," 28 Clyde Road Ballsbridge Dublin 4  ,Dublin Belgard D04FT98",Post Primary School  Roll number:_60590N e:_admin@stconleths.ie w:_www.stconleths.ie, Principal:_Donal E O Dulaing ,Enrolment:_Boys:_229 Girls:_99    (2022/23) ,Ethos:_Catholic   ,:_Sandymount-Ballsbridge-Donnybrook ,"Fees:_No €5,800"
14,Dublin-4,St Michaels College ,Phone:_ 01-2189400  ," Ailesbury Road Dublin 4  ,Dublin City D04NC59",Post Primary School  Roll number:_60561G e:_admin@stmichaelscollege.com  w:_www.stmichaelscollege.com, Principal:_Mr. Tim Kelleher ,Enrolment:_Boys:_713    (2022/23) ,Ethos:_Catholic   ,:_Sandymount-Ballsbridge-Donnybrook ,"Fees:_Yes €6,153"
15,Dublin-4,Marian College ,Phone:_ 01-6684036  ," Ballsbridge Dublin 4  ,Dublin City D04W268",Post Primary School  Roll number:_60500J e:_pmeany@mariancollege.ie w:_www.mariancollege.ie, Principal:_Ms Oonagh McCaul ,Enrolment:_Boys:_305 Girls:_1    (2022/23) ,Ethos:_Catholic   ,:_Sandymount-Ballsbridge-Donnybrook ,Fees:_No 
16,Dublin-4,Ringsend College ,Phone:_ 01-6684498  ," Cambridge Road Ringsend Dublin 4  ,Dublin City D04N227",Post Primary School  Roll number:_70200D e:_info@ringsend.cdetb.ie w:_www.ringsendcollege.ie, Principal:_Paul Ryder ,Enrolment:_Boys:_86 Girls:_133    (2022/23) ,Ethos:_Inter Denominational   ,:_South Inner City ,Fees:_No 
17,Dublin-4,Muckross Park College ,Phone:_ 01-4914033  ," Donnybrook Dublin 4  ,Dublin City D04CF59",Post Primary School  Roll number:_60710U e:_principal@muckrossparkcollege.com w:_www.muckrossparkcollege.com, Principal:_Anne Mee ,Enrolment:_Girls:_707    (2022/23) ,Ethos:_Catholic   ,:_Sandymount-Ballsbridge-Donnybrook ,Fees:_No 
18,Dublin-4,Sandymount Park Educate Together Secondary School ,Phone:_ 01 910 6230  ," The Sandymount Building, Simmonscourt Road,  ,Dublin D04AK00",Post Primary School  Roll number:_68305F e:_office@sandymountparketss.ie w:_www.sandymountparketss.ie, Principal:_Paula Mulhall ,Enrolment:_Boys:_148 Girls:_160    (2022/23) ,Ethos:_Multi Denominational    ,,Fees:
19,Dublin-5,Greendale Community School ,Phone:_ Closed 30th June 2007  ," Briarfield Villas Kilbarrack Dublin 5  ,Dublin City 5",Post Primary School  Roll number:_91341P     , Principal:_Closed ,Enrolment:_Boys:_98 Girls:_95    (2022/23) ,Ethos:_Inter Denominational   ,:_Kilmore-Coolock-Priorswood-Darndale-Artane-Beaumomt ,Fees:_No 
20,Dublin-5,St John Of God Secondary School ,Phone:_ Closed June '07  ," Kilmore Road Artane Dublin 5  ,Dublin City 5",Post Primary School  Roll number:_60881B     , Principal:_Closed ,Enrolment:_Girls:_171    (2022/23) ,Ethos:_Catholic   ,:_Kilmore-Coolock-Priorswood-Darndale-Artane-Beaumomt ,Fees:_No 
21,Dublin-5,St. David's C.B.S. ,Phone:_ 01-8315322  ," Malahide Road Artane Dublin 5  ,Dublin City D05W667",Post Primary School  Roll number:_60471F e:_principal@stdavidscbs.ie w:_www.stdavidscbs.ie, Principal:_Michael Nally ,Enrolment:_Boys:_483    (2022/23) ,Ethos:_Catholic   ,:_Kilmore-Coolock-Priorswood-Darndale-Artane-Beaumomt ,Fees:_No 
22,Dublin-5,Chanel College ,Phone:_ 01-8480655  ," Malahide Road, Coolock  ,Dublin Fingal D05EY86",Post Primary School  Roll number:_60550B e:_chaneloffice@chanelcollege.ie w:_www.chanelcollege.ie, Principal:_Dara Gill ,Enrolment:_Boys:_534    (2022/23) ,Ethos:_Catholic   ,:_Kilmore-Coolock-Priorswood-Darndale-Artane-Beaumomt ,Fees:_No 
23,Dublin-5,Ardscoil La Salle ,Phone:_ 01-8480055  ," Raheny Road Raheny Dublin 5  ,Dublin City D05Y132",Post Primary School  Roll number:_60291D e:_secretary@ardscoillasalle.ie w:_www.ardscoillasalle.ie, Principal:_Colm Mythen ,Enrolment:_Boys:_127 Girls:_124    (2022/23) ,Ethos:_Catholic   ,:_Edenmore-Raheny-Clontarf-Killester ,Fees:_No 
24,Dublin-5,Mercy College Coolock ,Phone:_ 01-8480888  ," St Brendans Drive Coolock Dublin 5  ,Dublin City D05C958",Post Primary School  Roll number:_60871V e:_info@mercycoolock.ie w:_www.mercycoolock.ie, Principal:_Patricia Dwyer ,Enrolment:_Girls:_412    (2022/23) ,Ethos:_Catholic   ,:_Kilmore-Coolock-Priorswood-Darndale-Artane-Beaumomt ,Fees:_No 
25,Dublin-5,St Marys Holy Faith Secondary School ,Phone:_ 01-8310963  ," St Brigids Road Killester Dublin 5  ,Dublin City D05K588",Post Primary School  Roll number:_60791A e:_admin@hfk.ie w:_www.holyfaith.ie, Principal:_Evelyn Mcloughlin ,Enrolment:_Girls:_345    (2022/23) ,Ethos:_Catholic   ,:_Edenmore-Raheny-Clontarf-Killester ,Fees:_No 
26,Dublin-5,St Pauls College ,Phone:_ 01-8314011  ," Sybil Hill Raheny Dublin 5  ,Dublin City D05C673",Post Primary School  Roll number:_60290B e:_admin@stpaulscollege.ie w:_www.stpaulscollege.ie, Principal:_Sean Moran ,Enrolment:_Boys:_644    (2022/23) ,Ethos:_Catholic   ,:_Edenmore-Raheny-Clontarf-Killester ,Fees:_No 
27,Dublin-5,Manor House School ,Phone:_ 01-8316782  ," Watermill Road Raheny Dublin 5  ,Dublin City D05R827",Post Primary School  Roll number:_60300B e:_principal@manorhouseschool.com w:_www.manorhouseschool.com, Principal:_Ms. Mary O'Neill ,Enrolment:_Girls:_683    (2022/23) ,Ethos:_Catholic   ,:_Edenmore-Raheny-Clontarf-Killester ,Fees:_No 
28,Dublin-6,Stratford College ,Phone:_ 01-4922315  ," 1 Zion Road Rathgar Dublin 6  ,Dublin City D06T9V3",Post Primary School  Roll number:_61020A e:_admin@stratfordcollege.ie  w:_www.stratfordcollege.ie, Principal:_Patricia Gordon ,Enrolment:_Boys:_97 Girls:_77    (2022/23) ,Ethos:_Jewish   ,:_Rathmines-Rathgar ,"Fees:_Yes €4,400"
29,Dublin-6,St Louis High School ,Phone:_ 01-4975458  ," Charleville Road Rathmines Dublin 6  ,Dublin City D06F860",Post Primary School  Roll number:_60890C e:_stlouishs.rathmines@gmail.com w:_www.stlouishighschool.ie, Principal:_Cliona Mcdonough ,Enrolment:_Girls:_674    (2022/23) ,Ethos:_Catholic   ,:_Rathmines-Rathgar ,Fees:_No 
30,Dublin-6,The High School ,Phone:_ 01-4922611  ," Danum, Zion Road, Rathgar, Dublin 6  ,Dublin City D06YR68",Post Primary School  Roll number:_60670L e:_office@highschooldublin.com w:_www.highschooldublin.com, Principal:_Andrew Forrest ,Enrolment:_Boys:_452 Girls:_354    (2022/23) ,Ethos:_Church Of Ireland   ,":_Non-Catholic Schools, Dublin ","Fees:_Yes €6,650"
31,Dublin-6,Alexandra College ,Phone:_ 01-4977571  ," Milltown Dublin 6  ,Dublin City D06KX50",Post Primary School  Roll number:_60910F e:_info@alexandracollege.ie w:_www.alexandracollege.ie  Check out their Facebook page, Principal:_Barbara Ennis ,Enrolment:_Girls:_658    (2022/23) ,Ethos:_Church Of Ireland   ,":_Non-Catholic Schools, Dublin ","Fees:_Yes €7,992 (Boarding 18,991/20,141)"
32,Dublin-6,St Marys College ,Phone:_ 014995700  ," Rathmines Dublin 6  ,Dublin Belgard D06CH79",Post Primary School  Roll number:_60560E e:_sensec@stmarys.ie w:_www.stmarys.ie, Principal:_Denis Murphy ,Enrolment:_Boys:_476    (2022/23) ,Ethos:_Catholic   ,:_Rathmines-Rathgar ,"Fees:_Yes €6,590"
33,Dublin-6,Gonzaga College ,Phone:_ 01-4972931  ," Sandford Road Ranelagh Dublin 6  ,Dublin City D06KF95",Post Primary School  Roll number:_60530S e:_headmaster@gonzaga.ie w:_www.gonzaga.ie, Principal:_Damon Mccaul ,Enrolment:_Boys:_570    (2022/23) ,Ethos:_Catholic   ,:_Sandymount-Ballsbridge-Donnybrook ,"Fees:_Yes €7,081"
34,Dublin-6,Sandford Park School ,Phone:_ 01-4971417  ," Sandford Road Ranelagh  ,Dublin City D06FN29",Post Primary School  Roll number:_60640C e:_admin@sandfordparkschool.ie w:_www.sandfordparkschool.ie, Principal:_Ms Edith Byrne ,Enrolment:_Boys:_261 Girls:_175    (2022/23) ,Ethos:_Inter Denominational   ,":_Ranelagh, Rathmines ","Fees:_Yes €7,500"
35,Dublin-6w,Our Lady's School ,Phone:_ 01-4903241  ," Templeogue Rd Terenure Dublin 6W  ,Dublin Belgard D6WKF44",Post Primary School  Roll number:_60860Q e:_admin@olschool.ie w:_olschool.ie, Principal:_Marguerite Gorby ,Enrolment:_Girls:_774    (2022/23) ,Ethos:_Catholic   ,:_Terenure-Templeogue-Willington ,Fees:_No 
36,Dublin-6w,Terenure College ,Phone:_ 01-4904621  ," Templeogue Road Terenure Dublin 6W  ,Dublin City D6WDK72",Post Primary School  Roll number:_60570H e:_admin@terenurecollege.ie w:_www.terenurecollege.ie  Check out their facebook!, Principal:_Philip Wallace ,Enrolment:_Boys:_744    (2022/23) ,Ethos:_Catholic   ,:_Terenure-Templeogue-Willington ,"Fees:_Yes €5,550"
37,Dublin-6w,Templeogue College ,Phone:_ 01-4905788  ," Templeville Road Dublin 6W  ,Dublin Belgard D6WE622",Post Primary School  Roll number:_60562I e:_info@templeoguecollege.ie w:_www.templeoguecollege.ie, Principal:_Niamh Quinn ,Enrolment:_Boys:_690    (2022/23) ,Ethos:_Catholic   ,:_Terenure-Templeogue-Willington ,Fees:_No 
38,Dublin-6w,Presentation Community College ,Phone:_ 01-4902404  ," Terenure Dublin 6W  ,Dublin City D6WCP28",Post Primary School  Roll number:_76092K e:_info@pct.cdetb.ie w:_www.presentationcollege.ie, Principal:_Mr Tommy Brown ,Enrolment:_Boys:_209 Girls:_258    (2022/23) ,Ethos:_Catholic   ,:_Terenure-Templeogue-Willington ,Fees:_No 
39,Dublin-6w,St Mac Dara's Community College ,Phone:_ 01-4566216  ," Wellington Lane Templeogue Dublin 6W  ,Dublin Belgard D6WEW83",Post Primary School  Roll number:_70260V e:_stmacdaras@ddletb.ie w:_www.stmacdaras.ie, Principal:_Derek Ward ,Enrolment:_Boys:_422 Girls:_420    (2022/23) ,Ethos:_Inter Denominational   ,:_Terenure-Templeogue-Willington ,Fees:_No 
40,Dublin-7,Coláiste Mhuire ,Phone:_ 01-8688996  ," Bothar Rath Tó Baile Atha Cliath 7  ,Dublin City D07CY97",Post Primary School  Roll number:_60450U e:_runai@colaistemhuire.ie w:_colaistemhuire.ie, Principal:_Oisin Mac Eoin ,Enrolment:_Boys:_122 Girls:_131    (2022/23) ,Ethos:_Catholic   ,:_North Inner City ,Fees:_No 
41,Dublin-7,St Dominics College ,Phone:_ 01-8385282  ," Cabra Dublin 7  ,Dublin Fingal D07NX47",Post Primary School  Roll number:_60731F e:_admin@stdominics.ie w:_www.stdominics.ie, Principal:_Ann Cameron ,Enrolment:_Girls:_779    (2022/23) ,Ethos:_Catholic   ,:_Cabra ,Fees:_No 
42,Dublin-7,Cabra Community College ,Phone:_ 01-8389577  ," Kilkieran Road Cabra Dublin 7  ,Dublin City D07XC84",Post Primary School  Roll number:_70150O e:_info@cabracc.cdetb.ie  w:_www.cabracc.ie  Check out their facebook!, Principal:_Neil Flaherty  ,Enrolment:_Boys:_127 Girls:_90    (2022/23) ,Ethos:_Inter Denominational   ,:_Cabra ,Fees:_No 
43,Dublin-7,St Declan's College ,Phone:_ 01-8380357  ," Nephin Road Cabra Dublin 7  ,Dublin City D07NN63",Post Primary School  Roll number:_60491L e:_info@stdeclanscollege.ie w:_www.stdeclanscollege.ie, Principal:_Brian Avery ,Enrolment:_Boys:_664    (2022/23) ,Ethos:_Catholic   ,:_Cabra ,Fees:_No 
44,Dublin-7,The Brunner ,Phone:_ 01-8720781  ," Nth Brunswick Street Dublin 7  ,Dublin City D07VF57",Post Primary School  Roll number:_60430O e:_principal@thebrunner.ie w:_thebrunner.ie, Principal:_Patrick Mc Cormack ,Enrolment:_Boys:_219    (2022/23) ,Ethos:_Catholic   ,:_North Inner City ,Fees:_No 
45,Dublin-7,Stanhope Street Girls Secondary School ,Phone:_ 01-6710419  ," Stanhope St Dublin 7  ,Dublin City D07YP03",Post Primary School  Roll number:_60843Q e:_info@stanhopesecondary.ie w:_stanhopesecondary.ie/, Principal:_John O'Brien ,Enrolment:_Girls:_239    (2022/23) ,Ethos:_Catholic   ,:_North Inner City ,Fees:_No 
46,Dublin-8,Mercy Secondary School ,Phone:_ 01-4531262  ," Goldenbridge Inchicore Dublin 8  ,Dublin Belgard D08Y4X0",Post Primary School  Roll number:_60872A e:_info@mercyinchicore.ie w:_mercyinchicore.ie, Principal:_Michelle O' Kelly ,Enrolment:_Boys:_63 Girls:_164    (2022/23) ,Ethos:_Catholic   ,:_Inchicore-Bluebell ,Fees:_No 
47,Dublin-8,C.B.S. James Street ,Phone:_ 01-4547756  ," James's Street Dublin 8  ,Dublin City D08K338",Post Primary School  Roll number:_60410I e:_jamesstcbs123@outlook.ie w:_www.cbsjamesstreet.ie  Check out their Facebook page!, Principal:_Pauline Queally ,Enrolment:_Boys:_123 Girls:_57    (2022/23) ,Ethos:_Catholic   ,:_South Inner City ,Fees:_No 
48,Dublin-8,St Patricks Cathedral Grammar School ,Phone:_ 01-4543388  ," St Patricks Close Dublin 8  ,Dublin City D08WK19",Post Primary School  Roll number:_60660I e:_admin@stpatrickscgs.ie w:_www.stpatrickscgs.ie, Principal:_Timothy Gill ,Enrolment:_Boys:_143 Girls:_134    (2022/23) ,Ethos:_Church Of Ireland   ,":_Non-Catholic Schools, Dublin ",Fees:
49,Dublin-8,Synge Street Cbs ,Phone:_ 01-4783998  ," Synge Street Dublin 8  ,Dublin City D08R283",Post Primary School  Roll number:_60470D e:_office@syngestreet.com w:_www.syngestreet.com, Principal:_Mrs Clare Catterson ,Enrolment:_Boys:_311    (2022/23) ,Ethos:_Catholic   ,:_South Inner City ,Fees:_No 
50,Dublin-8,Presentation College ,Phone:_ 01-4547520  ," Warrenmount Dublin 8  ,Dublin City D08W0X7",Post Primary School  Roll number:_60792C e:_info@warrenmountss.ie w:_http://www.ceist.ie/ceist_schools/view_school.cfm?loadref=83, Principal:_Ms Gwen Brennan ,Enrolment:_Boys:_11 Girls:_141    (2022/23) ,Ethos:_Catholic   ,:_South Inner City ,Fees:_No 
51,Dublin-9,Dominican College ,Phone:_ 01-8376080  ," 204 Griffith Ave Drumcondra Dublin 9  ,Dublin City D09A5X0",Post Primary School  Roll number:_60690R e:_admin@dominican-college.com w:_www.dominican-college.com/, Principal:_Olive Laffoy ,Enrolment:_Girls:_786    (2022/23) ,Ethos:_Catholic   ,:_Whitehall-Drumcondra-Glasnevin ,Fees:_No 
52,Dublin-9,Our Lady Of Mercy College ,Phone:_ 01-8371478  ," Beaumont Dublin 9  ,Dublin City D09V327",Post Primary School  Roll number:_60870T e:_secretary@mercybeaumont.com w:_mercybeaumont.com, Principal:_Sandra Doyle ,Enrolment:_Girls:_356    (2022/23) ,Ethos:_Catholic   ,:_Kilmore-Coolock-Priorswood-Darndale-Artane-Beaumomt ,Fees:_No 
53,Dublin-9,Scoil Chaitriona ,Phone:_ 01-8370762  ," Bóthar Mobhí Glasnaíon Ath Cliath 9  ,Dublin Fingal D09TW99",Post Primary School  Roll number:_60700R e:_oifig@scoilchaitriona.ie w:_scoilchaitriona.ie, Principal:_Fiona O'Cathain ,Enrolment:_Boys:_244 Girls:_265    (2022/23) ,Ethos:_Catholic   ,:_Whitehall-Drumcondra-Glasnevin ,Fees:_No 
54,Dublin-9,St. Aidan's C.B.S. ,Phone:_ 01-8377587  ," Collins Avenue Ext Whitehall Dublin 9  ,Dublin City D09XT54",Post Primary School  Roll number:_60481I e:_secretary@staidanscbs.ie w:_www.staidanscbs.ie, Principal:_Liam Reilly ,Enrolment:_Boys:_724    (2022/23) ,Ethos:_Catholic   ,:_Whitehall-Drumcondra-Glasnevin ,Fees:_No 
55,Dublin-9,Maryfield College ,Phone:_ 01-8373574  ," Glandore Road Drumcondra Dublin 9  ,Dublin City D09AE64",Post Primary School  Roll number:_60840K e:_admin@maryfieldcollege.ie w:_www.maryfieldcollege.ie, Principal:_Maree O Rourke ,Enrolment:_Girls:_516    (2022/23) ,Ethos:_Catholic   ,:_Whitehall-Drumcondra-Glasnevin ,Fees:_No 
56,Dublin-9,Rosmini Community School ,Phone:_ 01-8371694  ," Grace Park Road Drumcondra Dublin 9  ,Dublin City D09H020",Post Primary School  Roll number:_91344V e:_info@pobalscoilrosmini.ie w:_www.pobalscoilrosmini.ie, Principal:_Darrell Darcy ,Enrolment:_Boys:_58 Girls:_17    (2022/23) ,Ethos:_Inter Denominational   ,:_Whitehall-Drumcondra-Glasnevin ,Fees:_No 
57,Dublin-9,Ardscoil Rís ,Phone:_ 01-8332633  ," Griffith Avenue Dublin 9  ,Dublin City D09AK30",Post Primary School  Roll number:_60420L e:_admin@ardscoilris.com w:_ardscoilrisdublin.ie/, Principal:_John Mc Hugh ,Enrolment:_Boys:_557    (2022/23) ,Ethos:_Catholic   ,:_Whitehall-Drumcondra-Glasnevin ,Fees:_No 
58,Dublin-9,Plunket College ,Phone:_ 01-8371689  ," Swords Road Whitehall Dublin 9  ,Dublin City D09C94K",Post Primary School  Roll number:_70310K e:_info@plunket.cdetb.ie w:_www.plunketcollege.ie/, Principal:_Adrian Delaney ,Enrolment:_Boys:_24 Girls:_16    (2022/23) ,Ethos:_Inter Denominational   ,:_Whitehall-Drumcondra-Glasnevin ,Fees:_No 
59,Dublin-9,Clonturk Community College ,Phone:_ 01 5596960  ," Swords Road, Whitehall  ,Dublin D09W5K6",Post Primary School  Roll number:_76394D e:_info@clonturkcc.cdetb.ie w:_www.clonturkcc.ie, Principal:_Ms. Wesleigh O'Hagan  ,Enrolment:_Boys:_426 Girls:_399    (2022/23) ,Ethos:_Multi Denominational    ,,Fees:
60,Dublin-9,Margaret Aylward Community College ,Phone:_ 01-8375712  ," Thatch Road Whitehall Dublin 9  ,Dublin City D09RHN3",Post Primary School  Roll number:_70321P e:_info@macc.cdetb.ie w:_www.margaretaylwardcc.ie, Principal:_Sinéad Dunne ,Enrolment:_Boys:_40 Girls:_88    (2022/23) ,Ethos:_Inter Denominational   ,:_Whitehall-Drumcondra-Glasnevin ,Fees:_No 
61,Dublin-10,Caritas College ,Phone:_ 01-6265927  ," Drumfinn Road Ballyfermot Dublin 10  ,Dublin D10RR94",Post Primary School  Roll number:_60732H e:_info@caritascollege.ie w:_www.caritascollege.ie, Principal:_Tara Brady ,Enrolment:_Girls:_169    (2022/23) ,Ethos:_Catholic   ,:_Ballyfermot ,Fees:_No 
62,Dublin-10,Kylemore College ,Phone:_ 01-6265901  ," Kylemore Road Ballyfermot Dublin 10  ,Dublin City D10RY73",Post Primary School  Roll number:_70240P e:_info@kylemore.cdetb.ie w:_www.kylemorecollege.ie, Principal:_Deirdre Nolan ,Enrolment:_Boys:_277 Girls:_177    (2022/23) ,Ethos:_Inter Denominational   ,:_Ballyfermot ,Fees:_No 
63,Dublin-10,St Dominic's Secondary School ,Phone:_ 01-6266493  ," Kylemore Road, Ballyfermot, Dublin 10  ,Dublin City D10RD29",Post Primary School  Roll number:_60720A e:_info@stdominicsballyfermot.ie w:_www.stdominicsballyfermot.ie  Check out their facebook!, Principal:_Sarah Green ,Enrolment:_Girls:_323    (2022/23) ,Ethos:_Catholic   ,:_Ballyfermot ,Fees:_No 
64,Dublin-10,St Johns College De La Salle ,Phone:_ 01-6264943  ," Le Fanu Rd Ballyfermot Dublin 10  ,Dublin City D10X592",Post Primary School  Roll number:_60510M e:_johnscollegereception@gmail.com w:_www.stjohnsdls.ie, Principal:_Anne Marie Leonard ,Enrolment:_Boys:_283    (2022/23) ,Ethos:_Catholic   ,:_Ballyfermot ,Fees:_No 
65,Dublin-11,St Kevins College ,Phone:_ 01-8371423  ," Ballygall Rd East, Finglas Dublin 11  ,Dublin City D11VF10",Post Primary School  Roll number:_60581M e:_info@stkevinscollege.com w:_www.stkevinscollege.com, Principal:_Sarah Barry ,Enrolment:_Boys:_535    (2022/23) ,Ethos:_Catholic   ,:_Finglas ,Fees:_No 
66,Dublin-11,Beneavin De La Salle College ,Phone:_ 01-8341410  ," Beneavin Road Finglas Dublin 11  ,Dublin City D11NH7E",Post Primary School  Roll number:_60511O e:_school@beneavin.com w:_www.beneavin.com  Check out their facebook!, Principal:_Ann Marie Leonard ,Enrolment:_Boys:_576    (2022/23) ,Ethos:_Catholic   ,:_Finglas ,Fees:_No 
67,Dublin-11,New Cross College ,Phone:_ 01-8343165  ," Cappagh Finglas Dublin 11  ,Dublin Fingal D11NC56",Post Primary School  Roll number:_68181N e:_admin@newcross.ie  Check out their facebook!, Principal:_Derek Lynch ,Enrolment:_Boys:_125 Girls:_130    (2022/23) ,Ethos:_Catholic   ,:_Finglas ,Fees:
68,Dublin-11,Mater Christi ,Phone:_ Amalgamated Sept '14  ," Cappagh Finglas Dublin 11  ,Dublin Fingal 11",Post Primary School  Roll number:_60852R     , Principal:_Amalgamated Sept '14 ,Enrolment:_Girls:_202    (2022/23) ,Ethos:_Catholic   ,:_Finglas ,Fees:_No 
69,Dublin-11,Coláiste Eoin ,Phone:_ 01-8341426  ," Cappagh Road Finglas West Dublin 11  ,Dublin City D11AY65",Post Primary School  Roll number:_70180A e:_info@eoin.cdetb.ie w:_www.colaisteeoin.ie, Principal:_Paula O Brien ,Enrolment:_Boys:_186 Girls:_122    (2022/23) ,Ethos:_Inter Denominational   ,:_Finglas ,Fees:_No 
70,Dublin-11,Patrician College ,Phone:_ Amalgamated Sept '14  ," Deanstown Ave Finglas West Dublin 11  ,Dublin City 11",Post Primary School  Roll number:_60571J     , Principal:_Amalgamated Sept '14 ,Enrolment:_Boys:_183    (2022/23) ,Ethos:_Catholic   ,:_Finglas ,Fees:_No 
71,Dublin-11,St Vincents Glasnevin ,Phone:_ 01-8304375  ," Glasnevin Dublin 11  ,Dublin City D11XV05",Post Primary School  Roll number:_60400F e:_office@stvincentsd11.ie w:_stvincentsd11.ie, Principal:_Marie Quinn ,Enrolment:_Boys:_400    (2022/23) ,Ethos:_Catholic   ,:_Whitehall-Drumcondra-Glasnevin ,Fees:_No 
72,Dublin-11,St Mary's Secondary School ,Phone:_ 01-8374413  ," Holy Faith Convent Glasnevin Dublin 11  ,Dublin City D11X478",Post Primary School  Roll number:_60770P e:_office@stmaryshfg.ie w:_www.stmaryshfcglasnevin.com  Check out their Facebook!, Principal:_Paul Clarke ,Enrolment:_Girls:_832    (2022/23) ,Ethos:_Catholic   ,:_Whitehall-Drumcondra-Glasnevin ,Fees:_No 
73,Dublin-11,St Michaels Holy Faith Secondary School ,Phone:_ 01-8341767  ," Wellmount Road Finglas Dublin 11  ,Dublin City D11H521",Post Primary School  Roll number:_60741I e:_stmichaelshf11@gmail.com w:_www.stmichaelshf.ie, Principal:_Mr John Barry ,Enrolment:_Girls:_635    (2022/23) ,Ethos:_Catholic   ,:_Finglas ,Fees:_No 
74,Dublin-12,Ardscoil Eanna (School Closed) ,Phone:_ 014553020  ," 314/318 Crumlin Road Crumlin Dublin 12  ,Dublin City 12",Post Primary School  Roll number:_60990G     , Principal:_School Closed Aug 2016 ,Enrolment:_Boys:_37 Girls:_13    (2022/23) ,Ethos:_Catholic   ,:_Crumlin-Kimmage ,Fees:_No 
75,Dublin-12,Rosary College ,Phone:_ 01-4555824  ," Armagh Road Crumlin Dublin 12  ,Dublin Belgard D12R726",Post Primary School  Roll number:_60841M e:_info@rosarycollege.ie w:_www.rosarycollege.ie  Check out their facebook!, Principal:_Ms Jean Doyle ,Enrolment:_Boys:_108 Girls:_95    (2022/23) ,Ethos:_Catholic   ,:_Crumlin-Kimmage ,Fees:_No 
76,Dublin-12,Clogher Road Community College ,Phone:_ 01-4536397  ," Clogher Road Crumlin Dublin 12  ,Dublin City D12YP11",Post Primary School  Roll number:_70160R e:_info@clogher.cdetb.ie w:_www.clogherroadcc.ie/, Principal:_Lesley Byrne ,Enrolment:_Boys:_150 Girls:_63    (2022/23) ,Ethos:_Inter Denominational   ,:_Crumlin-Kimmage ,Fees:_No 
77,Dublin-12,Loreto College ,Phone:_ 01-4542380  ," Crumlin Road Dublin 12  ,Dublin City D12E196",Post Primary School  Roll number:_60800V e:_secretary@loretocrumlin.ie w:_www.loretocrumlin.ie, Principal:_Mary Ellen Murphy ,Enrolment:_Girls:_378    (2022/23) ,Ethos:_Catholic   ,:_Crumlin-Kimmage ,Fees:_No 
78,Dublin-12,St Pauls Secondary School ,Phone:_ 01-4505682  ," Greenhills Dublin 12  ,Dublin Belgard D12E544",Post Primary School  Roll number:_60902G e:_info@stpaulsg.ie w:_stpaulsg.ie, Principal:_Geraldine Troy ,Enrolment:_Girls:_408    (2022/23) ,Ethos:_Catholic   ,:_Greenhills-Walkinstown-Drimnagh ,Fees:_No 
79,Dublin-12,Greenhills College ,Phone:_ 01 4507138  ," Limekiln Avenue Walkinstown,   ,Dublin D12DP8W",Post Primary School  Roll number:_70130I e:_admin.greenhills@ddletb.ie w:_www.greenhillscollege.ie  Check out their facebook!, Principal:_Noirin Lannon ,Enrolment:_Boys:_155    (2022/23) ,Ethos:_Inter Denominational   ,:_Greenhills-Walkinstown-Drimnagh-Crumlin ,Fees:_No 
80,Dublin-12,Drimnagh Castle Secondary School ,Phone:_ 01-4518316  ," Long Mile Road Walkinstown Dublin 12  ,Dublin City D12K682",Post Primary School  Roll number:_60480G e:_info@drimnaghcastle.ie w:_www.drimnaghcastle.ie, Principal:_John J Devilly ,Enrolment:_Boys:_491    (2022/23) ,Ethos:_Catholic   ,:_Greenhills-Walkinstown-Drimnagh ,Fees:_No 
81,Dublin-12,Our Lady Of Mercy Secondary School ,Phone:_ 01-4554691  ," Mourne Road Drimnagh Dublin 12  ,Dublin City D12HT22",Post Primary School  Roll number:_60991I e:_admin@olmdrimnagh.com w:_www.olmdrimnagh.com, Principal:_Padhraig Gibbons ,Enrolment:_Boys:_144 Girls:_106    (2022/23) ,Ethos:_Catholic   ,:_Greenhills-Walkinstown-Drimnagh ,Fees:_No 
82,Dublin-12,Assumption Secondary School ,Phone:_ 01-4507017  ," Walkinstown Dublin 12  ,Dublin City D12PK75",Post Primary School  Roll number:_60851P e:_assumptionsecretary@hotmail.com, Principal:_Siobhain Hoey ,Enrolment:_Girls:_256    (2022/23) ,Ethos:_Catholic   ,:_Greenhills-Walkinstown-Drimnagh ,Fees:_No 
83,Dublin-13,Pobalscoil Neasain ,Phone:_ 01-8063092  ," Baldoyle Dublin 13  ,Dublin Fingal D13F9K2",Post Primary School  Roll number:_91342R e:_office@psn.ie w:_www.psn.ie, Principal:_Pat McKenna ,Enrolment:_Boys:_445 Girls:_349    (2022/23) ,Ethos:_Inter Denominational   ,:_Bayside-Baldoyle-Howth-Sutton ,Fees:_No 
84,Dublin-13,St Marys Secondary School ,Phone:_ 01-8325591  ," Baldoyle Dublin 13  ,Dublin Fingal D13W208",Post Primary School  Roll number:_60021U e:_info@stmarysbaldoyle.org w:_www.stmarysbaldoyle.org, Principal:_Edel Greene ,Enrolment:_Girls:_238    (2022/23) ,Ethos:_Catholic   ,:_Bayside-Baldoyle-Howth-Sutton ,Fees:_No 
85,Dublin-13,Gaelcholáiste Reachrann ,Phone:_ 01-8770935  ," Bóthar Mhainistir Na Gráinsí, Domhnach Míde, Baile Atha Cliath 13  ,Dublin Fingal D13NP52",Post Primary School  Roll number:_76085N   w:_gcreachrann.ie/, Principal:_Eimer Nic An Ri ,Enrolment:_Boys:_245 Girls:_265    (2022/23) ,Ethos:_Inter Denominational   ,:_North Co. Dublin:_Balbriggan-Skerries-Rush ,Fees:_No 
86,Dublin-13,Dublin North East Educate Together Secondary School ,Phone:_   ," C/O Grange Community College, Grange Abbey Road, Donaghmede, D13  ,Dublin City ",Post Primary School  Roll number:_68346T e:_info@dublinnortheaseetss.ie  Check out their facebook!, Principal:_Aisling Kenevey ,Enrolment:_Boys:_157 Girls:_145    (2022/23) ,Ethos:_Multi Denominational    ,,Fees:
87,Dublin-13,St. Fintan's High School ,Phone:_ 01-8324632  ," Dublin Road Sutton Dublin 13  ,Dublin Fingal D13HN59",Post Primary School  Roll number:_60370W e:_info@stfintanshs.ie w:_www.stfintanshs.ie  Visit their Facebook Page, Principal:_Kathy Mullen ,Enrolment:_Boys:_700    (2022/23) ,Ethos:_Catholic   ,:_Bayside-Baldoyle-Howth-Sutton ,Fees:_No 
88,Dublin-13,Grange Community College ,Phone:_ 01-8471422  ," Grange Road Donaghmede Dublin 13  ,Dublin City D13NX25",Post Primary School  Roll number:_70020B e:_grangeccadmin@ddletb.ie w:_www.grangecc.ie, Principal:_Sean Smyth ,Enrolment:_Boys:_239 Girls:_211    (2022/23) ,Ethos:_Inter Denominational   ,:_Kilbarrack-Donahies-Grange-Donaghmede ,Fees:_No 
89,Dublin-13,Sutton Park School ,Phone:_ 01-8322940  ," St Fintans Road Sutton Dublin 13  ,Dublin Fingal D13EA33",Post Primary School  Roll number:_60381E e:_info@sps.ie w:_www.suttonparkschool.com, Principal:_Ronan Walsh  ,Enrolment:_Boys:_255 Girls:_199    (2022/23) ,Ethos:_Church Of Ireland   ,":_Non-Catholic Schools, Dublin ","Fees:_Yes €7,995"
90,Dublin-13,The Donahies Community School ,Phone:_ 01-8473522  ," Streamville Road Dublin 13  ,Dublin City D13YN77",Post Primary School  Roll number:_91318U e:_office@donahiescs.ie w:_www.donahiescommunityschool.com  Check out their facebook!, Principal:_Peter Keohane ,Enrolment:_Boys:_269 Girls:_235    (2022/23) ,Ethos:_Inter Denominational   ,:_Kilbarrack-Donahies-Grange-Donaghmede ,Fees:_No 
91,Dublin-13,Santa Sabina Dominican College ,Phone:_ 01-8322200  ," Sutton, Dublin 13  ,Dublin Fingal D13RD80",Post Primary School  Roll number:_60380C e:_admin@santasabina.ie w:_www.santasabina.ie, Principal:_Joyce Kavanagh ,Enrolment:_Girls:_719    (2022/23) ,Ethos:_Catholic   ,:_Bayside-Baldoyle-Howth-Sutton ,Fees:_No 
92,Dublin-14,Gaelcholáiste An Phiarsaigh ,Phone:_ 01 4933335  ," An Mhainistir, Bóthar Na Gráinsí, Ráth Fearnáin, Baile Átha Cliath 14  ,Dun Laoghaire - Rathdown D14PP82",Post Primary School  Roll number:_68161H e:_eolas@gaelcholaiste.com w:_www.gaelcholaiste.com  Check out their facebook!, Principal:_Joe Mac Suibhne ,Enrolment:_Boys:_147 Girls:_172    (2022/23) ,Ethos:_Multi Denominational    ,,Fees:
93,Dublin-14,Loreto High School Beaufort ,Phone:_ 01-4933251  ," Beaufort, Grange Rd, Rathfarnham, Dublin 14   ,Dublin Belgard D14E521",Post Primary School  Roll number:_60340N e:_info@loretohighschool.com w:_www.loretohighschool.com, Principal:_Aoife Kavanagh ,Enrolment:_Girls:_634    (2022/23) ,Ethos:_Catholic   ,:_Marley-Ballinteer-Rathfarnham-Churchtown ,"Fees:_Yes €4,135"
94,Dublin-14,Our Ladys Grove Secondary School ,Phone:_ 01-2951913  ," Goatstown Road Dublin 14  ,Dun Laoghaire - Rathdown D14AK75",Post Primary School  Roll number:_60891E e:_office@jesusandmarycollege.ie w:_www.olgrove.ie, Principal:_Colm Dooley ,Enrolment:_Girls:_290    (2022/23) ,Ethos:_Catholic   ,:_Milltown-Goatstown-Stillorgan-Kilmacud-Mt. Merrion ,Fees:_No 
95,Dublin-14,Mount Anville Secondary School ,Phone:_ 01-2885313  ," Mount Anville Rd Dublin 14  ,Dun Laoghaire - Rathdown D14A8P3",Post Primary School  Roll number:_60140F e:_office@mountanville.ie w:_www.mountanville.ie, Principal:_Elizabeth Caffrey ,Enrolment:_Girls:_691    (2022/23) ,Ethos:_Catholic   ,:_Dundrum-Balally ,"Fees:_Yes €6,850"
96,Dublin-14,Goatstown Educate Together Secondary School ,Phone:_ 01 296 4449  ," Old Notre Dame Building, Upper Churchtown Road  ,Dun Laoghaire - Rathdown ",Post Primary School  Roll number:_68366C e:_office@goatstownetss.ie w:_www.goatstownetss.ie/, Principal:_Jonathan Browner   ,Enrolment:_Boys:_73 Girls:_72    (2022/23) ,Ethos:_Multi-Denominational    ,,Fees:
97,Dublin-14,St Killian's Deutsche Schule ,Phone:_ 01-2883323  ," Roebuck Road Clonskeagh Dublin 14  ,Dun Laoghaire - Rathdown D14P7F2",Post Primary School  Roll number:_60630W e:_admin@kilians.com w:_www.kilians.com, Principal:_Nigel Mac Millan ,Enrolment:_Boys:_238 Girls:_205    (2022/23) ,Ethos:_Inter Denominational   ,:_Milltown-Goatstown-Stillorgan-Kilmacud-Mt. Merrion ,"Fees:_Yes €5,900"
98,Dublin-14,Da La Salle College ,Phone:_ 01-2981067  ," Upper Churchtown Road Churchtown Dublin 14  ,Dun Laoghaire - Rathdown D14A0T9",Post Primary School  Roll number:_60310E e:_office@delasallecollege.com w:_www.delasallecollege.com, Principal:_Siobhan Foster ,Enrolment:_Boys:_319    (2022/23) ,Ethos:_Catholic   ,:_Marley-Ballinteer-Rathfarnham-Churchtown ,Fees:_No 
99,Dublin-14,Notre Dame Secondary School (Closed) ,Phone:_   ," Upper Churchtown Road, Dundrum, Dublin 14  ,Dun Laoghaire - Rathdown D14Y563",Post Primary School  Roll number:_60160L   w:_www.notredame.ie, Principal:_,Enrolment:_Girls:_64    (2022/23) ,Ethos:_Catholic   ,:_Marley-Ballinteer-Rathfarnham-Churchtown ,Fees:_Yes 
100,Dublin-15,Blakestown Community School ,Phone:_ 01-8215522  ," Blanchardstown Dublin 15  ,Dublin Fingal D15F978",Post Primary School  Roll number:_91316Q e:_admin@blakestowncs.ie w:_www.blakestowncs.ie, Principal:_Francis Milling ,Enrolment:_Boys:_211 Girls:_237    (2022/23) ,Ethos:_Inter Denominational   ,:_Blanchardstown ,Fees:_No 
101,Dublin-15,Rath Dara Community College ,Phone:_ 01-8201488  ," Blanchardstown Rd North Dublin 15  ,Dublin Fingal D15P380",Post Primary School  Roll number:_70081V e:_rcc@ddletb.ie w:_rathdaracc.com/, Principal:_Emily Doyle ,Enrolment:_Boys:_126 Girls:_109    (2022/23) ,Ethos:_Inter Denominational   ,:_Blanchardstown ,Fees:_No 
102,Dublin-15,Castleknock Community College ,Phone:_ 01-8221626  ," Carpenterstown Road Castleknock Dublin 15  ,Dublin Fingal D15A996",Post Primary School  Roll number:_76062B e:_admin@castleknockcc.ie w:_www.castleknockcc.ie, Principal:_Mr. John Cronin ,Enrolment:_Boys:_646 Girls:_598    (2022/23) ,Ethos:_Inter Denominational   ,:_Castleknock ,Fees:_No 
103,Dublin-15,Castleknock College ,Phone:_ 01-8213051  ," Castleknock Dublin 15  ,Dublin Fingal D15PD95",Post Primary School  Roll number:_60100Q e:_info@castleknockcollege.ie w:_www.castleknockcollege.ie, Principal:_Christopher Kinder ,Enrolment:_Boys:_741    (2022/23) ,Ethos:_Catholic   ,:_Castleknock ,"Fees:_Yes €6,592"
104,Dublin-15,Coolmine Community School ,Phone:_ 01-8214141  ," Clonsilla, Dublin 15  ,Dublin Fingal D15FW97",Post Primary School  Roll number:_91315O e:_principal@coolminecs.ie w:_coolminecs.ie, Principal:_Patricia Mc Phillips ,Enrolment:_Boys:_529 Girls:_461    (2022/23) ,Ethos:_Inter Denominational   ,:_Blanchardstown ,Fees:_No 
105,Dublin-15,Edmund Rice College Carpenterstown Castleknock ,Phone:_ 087 0922685  ," C/O Le Cheile Secondary School, Hollystown Road, Tyrellstown  ,Dublin 15",Post Primary School  Roll number:_68306H e:_admin@ercdublin.ie , Principal:_Brendan Harrington ,Enrolment:_Boys:_250 Girls:_266    (2022/23) ,Ethos:_Catholic    ,,Fees:_ Opening Sept 2017
106,Dublin-15,Hansfield Educate Together Secondary School ,Phone:_ (01) 8614729  ," Hansfield, Dublin 15  ,Dublin Fingal D15H1FC",Post Primary School  Roll number:_68101M e:_info@hetss.ie w:_www.hansfieldsecondary.ie  Check out their Facebook page!, Principal:_Bernie Judge ,Enrolment:_Boys:_448 Girls:_380    (2022/23) ,Ethos:_Multi-Denominational    ,,Fees:
107,Dublin-15,Hartstown Community School ,Phone:_ 01-8207863  ," Hartstown Clonsilla Dublin 15  ,Dublin Fingal D15X049",Post Primary School  Roll number:_91339F e:_info@hartstowncs.com w:_hartstowncs.com, Principal:_Lucia Griffin ,Enrolment:_Boys:_572 Girls:_541    (2022/23) ,Ethos:_Inter Denominational   ,:_Blanchardstown ,Fees:_No 
108,Dublin-15,Colaiste Pobail Setanta ,Phone:_ 01 6402403  ," Phibblestown, Clonee, Dublin 15  ,Dublin Fingal D15EY17",Post Primary School  Roll number:_76098W e:_admin@cpsetanta.ie w:_www.cpsetanta.ie, Principal:_Liam Walsh ,Enrolment:_Boys:_537 Girls:_513    (2022/23) ,Ethos:_Multi Denominational    ,,Fees:
109,Dublin-15,Luttrellstown Community College ,Phone:_ 01- 8228060  ," Porterstown Road, Clonsilla, Dublin 15  ,Dublin Fingal D15DY29",Post Primary School  Roll number:_76130P e:_info.luttrellstowncc@ddletb.ie w:_www.luttrellstowncc.ie/, Principal:_Ms. Fionnuala Ni Chaisil ,Enrolment:_Boys:_545 Girls:_439    (2022/23) ,Ethos:_Inter Denominational    ,,Fees:
110,Dublin-15,Le Cheile Secondary School ,Phone:_ 018227181   ," Tyrrelstown, Mulhuddart, Dublin 15  ,Dublin Fingal D15NX98",Post Primary School  Roll number:_68083N   w:_www.lecheilesecondaryschool.ie, Principal:_Leona Harrington ,Enrolment:_Boys:_500 Girls:_417    (2022/23) ,Ethos:_Catholic    ,,Fees:
111,Dublin-16,Wesley College ,Phone:_ 01-2987066  ," Ballinteer Dublin 16  ,Dun Laoghaire - Rathdown D16NX73",Post Primary School  Roll number:_61010U e:_info@wesleycollege.ie w:_www.wesleycollege.ie, Principal:_Mr Christopher Woods ,Enrolment:_Boys:_497 Girls:_450    (2022/23) ,Ethos:_Methodist   ,":_Non-Catholic Schools, Dublin ","Fees:_Yes €7,040 (17,350 Boarding)"
112,Dublin-16,Ballinteer Community School ,Phone:_ 01-2988195  ," Ballinteer Dublin 16  ,Dublin Belgard D16XF79",Post Primary School  Roll number:_91305L e:_admin@ballinteercs.ie w:_www.ballinteercs.ie, Principal:_Amy Doherty ,Enrolment:_Boys:_210 Girls:_212    (2022/23) ,Ethos:_Inter Denominational    ,,Fees:_No 
113,Dublin-16,Colaiste Eanna Cbs ,Phone:_ 01-4931767  ," Ballyroan Rathfarnham Dublin 16  ,Dublin Belgard D16E248",Post Primary School  Roll number:_60342R e:_secretary@colaisteeanna.ie w:_www.colaisteeanna.ie, Principal:_Sean O'Murchu ,Enrolment:_Boys:_604    (2022/23) ,Ethos:_Catholic   ,:_Knocklyon-Ballyboden-Ballyroan ,Fees:_No 
114,Dublin-16,Sancta Maria College ,Phone:_ 01-4934887  ," Ballyroan Rathfarnham Dublin 16  ,Dublin Belgard D16V389",Post Primary School  Roll number:_60341P e:_info@sanctamariacollege.com w:_www.sanctamariacollege.com, Principal:_Ms Geraldine Kennedy ,Enrolment:_Girls:_552    (2022/23) ,Ethos:_Catholic   ,:_Knocklyon-Ballyboden-Ballyroan ,Fees:_No 
115,Dublin-16,Rockbrook Park School ,Phone:_ 01-4933204  ," Edmondstown Road Rathfarnham Dublin 16  ,Dublin Belgard D16P897",Post Primary School  Roll number:_60321J e:_admin@rockbrook.ie w:_www.rockbrook.ie  Check out their Facebook!, Principal:_Jude Mulligan ,Enrolment:_Boys:_158    (2022/23) ,Ethos:_Catholic   ,:_Marley-Ballinteer-Rathfarnham-Churchtown ,"Fees:_Yes €4,570"
116,Dublin-16,St. Tiernan's Community School ,Phone:_ 01-2953224  ," Parkvale, Off Sandyford Rd, Dundrum, D16,  ,Dublin D16KW26",Post Primary School  Roll number:_91343T e:_runai@tiernans.ie  w:_www.tiernans.ie, Principal:_Kevin Martin ,Enrolment:_Boys:_179 Girls:_142    (2022/23) ,Ethos:_Inter Denominational   ,:_Dundrum-Balally ,Fees:_No 
117,Dublin-16,St Colmcille's Community School ,Phone:_ 01-4952888  ," Scholarstown Rd Knocklyon Dublin 16  ,Dublin Belgard D16H298",Post Primary School  Roll number:_91510M e:_info@stcolmcilles.ie w:_www.stcolmcilles.ie, Principal:_John McKennedy ,Enrolment:_Boys:_386 Girls:_341    (2022/23) ,Ethos:_Inter Denominational   ,:_Knocklyon ,Fees:_No 
118,Dublin-16,St Columba's College ,Phone:_ 01-4906791  ," Whitechurch Dublin 16  ,Dublin Belgard D16CH92",Post Primary School  Roll number:_60320H e:_ADMIN@STCOLUMBAS.IE w:_www.stcolumbas.ie, Principal:_Mark Tremayne Boobbyer ,Enrolment:_Boys:_193 Girls:_160    (2022/23) ,Ethos:_Church Of Ireland   ,":_Non-Catholic Schools, Dublin ","Fees:_Yes €9,632 (Boarding 25,904)"
119,Dublin-17,Coláiste Dhúlaigh ,Phone:_ 01-8481337  ," Barryscourt Road Coolock Dublin 17  ,Dublin City D17KH66",Post Primary School  Roll number:_70330Q e:_info@cdc.cdetb.ie w:_colaistedhulaighpp.ie, Principal:_Ms Sarah Ferns ,Enrolment:_Boys:_90 Girls:_81    (2022/23) ,Ethos:_Inter Denominational   ,:_Edenmore-Raheny-Clontarf-Killester ,Fees:_No 
120,Dublin-17,St Thomas Special School ,Phone:_ 01 8482777  ," Clonshaugh Road Coolock Dublin 17  ,Dublin City ",Post Primary School  Roll number:_19793T e:_saintthomaseducationcentre@gmail.com w:_www.saintthomaseducationcentre.com, Principal:_John White (Acting) ,Enrolment:_Boys:_28    (2022/23) ,"Ethos:_Catholic - Targeted Educational Initiative, Parish:_Priorswood    ",,Fees:_ No
121,Dublin-17,Belcamp College ,Phone:_ Closed 30th June 09  ," Malahide Rd Dublin 17  ,Dublin Fingal 17",Post Primary School  Roll number:_60280V     , Principal:_Closed ,Enrolment:_Boys:_10 Girls:_11    (2022/23) ,Ethos:_Catholic   ,:_Kilmore-Coolock-Priorswood-Darndale-Artane-Beaumomt ,Fees:_No 
122,Dublin-18,Stepaside Educate Together Secondary School ,Phone:_ 01 2907404   ," Ballyogan Road, Leopardstown  ,Dublin D18 VEA0",Post Primary School  Roll number:_68241F e:_principal@stepasideetss.ie w:_www.stepasideetss.ie, Principal:_Barbara Mulhall ,Enrolment:_Boys:_289 Girls:_221    (2022/23) ,Ethos:_Multi Denominational    ,,Fees:
123,Dublin-18,Rosemont School ,Phone:_ 01 2078007  ," Enniskerry Road, Sandyford, Dublin 18   ,Dun Laoghaire - Rathdown D18A8N2",Post Primary School  Roll number:_60930L e:_info@rosemont.ie w:_www.rosemont.ie  Check out their facebook!, Principal:_Janet Dean ,Enrolment:_Girls:_251    (2022/23) ,Ethos:_Catholic   ,:_Sandyford-Stepaside-Dundrum-Ballinteer ,"Fees:_Yes €5,194"
124,Dublin-18,Loreto College Foxrock ,Phone:_ 01-2895637  ," Foxrock Dublin 18  ,Dun Laoghaire - Rathdown D18FT21",Post Primary School  Roll number:_60240J e:_admin@loretofoxrock.ie w:_loretofoxrock.ie, Principal:_Bernadette Prendiville ,Enrolment:_Girls:_564    (2022/23) ,Ethos:_Catholic   ,:_Blackrock-Dun Laoghaire-Dalkey-Monkstown ,"Fees:_Yes €4,900"
125,Dublin-18,Cabinteely Community School ,Phone:_ 01-2852137  ," Johnstown Road, Cabinteely Dublin 18  ,Dun Laoghaire - Rathdown D18VH73",Post Primary School  Roll number:_91310E e:_office@cabinteelycs.ie w:_www.cabinteelycs.ie, Principal:_Clare Garrihy ,Enrolment:_Boys:_283 Girls:_262    (2022/23) ,Ethos:_Inter Denominational   ,:_Cabinteely-Sallynoggin-Ballybrack-Shankill-Loughlinstown ,Fees:_No 
126,Dublin-18,Oakhill Junior School ,Phone:_ 01 2950530  ," Leopardstown Road, Foxrock  ,Dublin 18", School  Roll number:_012950530 e:_info@oakhill.ie w:_www.oakhill.ie, Principal:_Ms. Charlene Peters ,Enrolment:_   (2022/23) ,Ethos:_    ,,Fees:
127,Dublin-18,St Laurence College ,Phone:_ 01-2826930  ," Loughlinstown Dublin 18  ,Dun Laoghaire - Rathdown D18AK07",Post Primary School  Roll number:_60262T e:_info@stlaurencecollege.com w:_www.stlaurencecollege.com, Principal:_Shane FitzGerald ,Enrolment:_Boys:_130 Girls:_144    (2022/23) ,Ethos:_Catholic   ,:_Cabinteely-Sallynoggin-Ballybrack-Shankill-Loughlinstown ,Fees:_No 
128,Dublin-20,Phobailscoil Iosolde / Palmerstown Community School ,Phone:_ 01-6265991  ," Palmerstown Dublin 20  ,Dublin Belgard D20P236",Post Primary School  Roll number:_91302F e:_office@palmerstowncs.ie w:_www.palmerstowncs.ie, Principal:_Catherine Delaney ,Enrolment:_Boys:_467 Girls:_335    (2022/23) ,Ethos:_Inter Denominational   ,:_Palmerstown-Chapelizod ,Fees:_No 
129,Dublin-20,The Kings Hospital ,Phone:_ 01-6436500  ," Palmerstown Dublin 20  ,Dublin Belgard D20V256",Post Primary School  Roll number:_60272W e:_reception@kingshospital.ie w:_www.kingshospital.ie/, Principal:_Mr Mark E. Ronan ,Enrolment:_Boys:_368 Girls:_362    (2022/23) ,Ethos:_Church Of Ireland   ,":_Non-Catholic Schools, Dublin ","Fees:_Yes €7,930 (Boarding 18,536)"
130,Dublin-20,Mount Sackville Secondary School ,Phone:_ 01-8214061  ," Sisters Of St.Joseph Of Cluny, Chapelizod, Dublin 20   ,Dublin Fingal D20WP68",Post Primary School  Roll number:_60120W e:_info@mountsackville.ie w:_www.mountsackville.ie, Principal:_Eileen Higgins ,Enrolment:_Girls:_673    (2022/23) ,Ethos:_Catholic   ,:_Palmerstown-Chapelizod ,"Fees:_Yes €4,750"
131,Dublin-22,Coláiste Chilliain ,Phone:_ 01-4574888  ," Bóthar Nangor, Cluain Dolcáin, Baile Atha Cliath 22  ,Dublin Belgard D22EW08",Post Primary School  Roll number:_70100W e:_eolas@colaistechilliain.ie w:_www.colaistechilliain.ie, Principal:_Feargal Ó Giolláin ,Enrolment:_Boys:_217 Girls:_222    (2022/23) ,Ethos:_Inter Denominational   ,:_Clondalkin ,Fees:_No 
132,Dublin-22,Moyle Park College ,Phone:_ 01-4574837  ," Clondalkin Dublin 22  ,Dublin Belgard D22V072",Post Primary School  Roll number:_60121B e:_info@moyleparkcollege.com w:_www.moyleparkcollege.ie, Principal:_Niamh Cahalane ,Enrolment:_Boys:_755    (2022/23) ,Ethos:_Catholic   ,:_Clondalkin ,Fees:_No 
133,Dublin-22,St. Kevin's Community College ,Phone:_ 01-6266277  ," Fonthill Road Clondalkin Dublin 22  ,Dublin Belgard D22K314",Post Primary School  Roll number:_70042L e:_admin@stkevinscc.ie  w:_stkevinscc.ie/, Principal:_Tony Barry ,Enrolment:_Boys:_225 Girls:_194    (2022/23) ,Ethos:_Inter Denominational   ,:_Lucan ,Fees:_No 
134,Dublin-22,Coláiste Bríde ,Phone:_ 01-4591158  ," New Road Clondalkin Dublin 22  ,Dublin Belgard D22C6Y2",Post Primary School  Roll number:_60122D e:_info@colaistebride.com w:_www.colaistebride.com, Principal:_Marie-Thérèse Kilmartin ,Enrolment:_Girls:_980    (2022/23) ,Ethos:_Catholic   ,:_Clondalkin ,Fees:_No 
135,Dublin-22,Griffeen Community College ,Phone:_   ," Ninth Lock Road, Dublin, Ireland  ,Dublin 22",Post Primary School  Roll number:_76454S e:_,rachelmcgrath@griffeencc.ie , Principal:_Rachel McGrath ,Enrolment:_Boys:_234 Girls:_148    (2022/23) ,,Ethos:_Multi Denominational    
136,Dublin-22,Deansrath Community College ,Phone:_ 01-4574144  ," Westbourne Rise, New Nangor Road Clondalkin Dublin 22  ,Dublin Belgard D22RY77",Post Primary School  Roll number:_70040H e:_info@deansrathcc.ie w:_www.deansrathcommunitycollege.ie, Principal:_Helen Taylor ,Enrolment:_Boys:_198 Girls:_155    (2022/23) ,Ethos:_Inter Denominational   ,:_Clondalkin ,Fees:_No 
137,Dublin-24,Tallaght Community School ,Phone:_ 01-4515566  ," Balrothery Tallaght Dublin 24  ,Dublin Belgard D24X759",Post Primary School  Roll number:_91335U e:_Office@TallaghtCS.ie w:_www.tallaghtcs.com/, Principal:_Aidan Lynch ,Enrolment:_Boys:_387 Girls:_411    (2022/23) ,Ethos:_Inter Denominational   ,:_Tallaght-Firhouse ,Fees:_No 
138,Dublin-24,St Aidan's Community School ,Phone:_ 01-4524677  ," Brookfield Tallaght Dublin 24  ,Dublin Belgard D24XA46",Post Primary School  Roll number:_91338D e:_office@sacs.ie w:_www.staidanscs.com  Check out their facebook!, Principal:_Kevin Shortall ,Enrolment:_Boys:_209 Girls:_221    (2022/23) ,Ethos:_Inter Denominational   ,:_Tallaght-Firhouse ,Fees:_No 
139,Dublin-24,St Marks Community School ,Phone:_ 01-4519399  ," Cookstown Rd Tallaght Dublin 24  ,Dublin Belgard D24VW22",Post Primary School  Roll number:_91332O e:_office@stmarkscs.ie, Principal:_Eithne Coyne ,Enrolment:_Boys:_422 Girls:_436    (2022/23) ,Ethos:_Inter Denominational   ,:_Tallaght-Firhouse ,Fees:_No 
140,Dublin-24,Firhouse Community College ,Phone:_ 01-4525807  ," Firhouse Road Dublin 24  ,Dublin Belgard D24HY03",Post Primary School  Roll number:_70140L e:_firhousecc@ddletb.ie w:_www.firhousecommunitycollege.ie, Principal:_Senan Nolan ,Enrolment:_Boys:_423 Girls:_390    (2022/23) ,Ethos:_Inter Denominational   ,:_Tallaght-Firhouse ,Fees:_No 
141,Dublin-24,Mount Seskin Community College ,Phone:_ 01-4525788  ," Jobstown Tallaght Dublin 24  ,Dublin Belgard D24K033",Post Primary School  Roll number:_70141N e:_mountseskincc@ddletb.ie w:_www.mountseskincc.ie, Principal:_Austin Fennessy ,Enrolment:_Boys:_170 Girls:_163    (2022/23) ,Ethos:_Inter Denominational   ,:_Tallaght-Firhouse ,Fees:_No 
142,Dublin-24,Killinarden Community School ,Phone:_ 01-4527447  ," Killinarden Tallaght Dublin 24  ,Dublin Belgard D24RF70",Post Primary School  Roll number:_91337B e:_mainoffice@killinardencs.ie  w:_www.killinardencs.ie, Principal:_Adrienne Whelan ,Enrolment:_Boys:_239 Girls:_212    (2022/23) ,Ethos:_Inter Denominational   ,:_Tallaght-Firhouse ,Fees:_No 
143,Dublin-24,Kingswood Community College ,Phone:_ 01-4517793   ," Kingswood, Tallaght  ,Dublin D24X62W",Post Primary School  Roll number:_76293U e:_Info@kingswoodcc.ie w:_www.kingswoodcc.ie, Principal:_Deborah Dunne ,Enrolment:_Boys:_518 Girls:_434    (2022/23) ,Ethos:_Multi Denominational    ,,Fees:
144,Dublin-24,Old Bawn Community School ,Phone:_ 01-4520566  ," Old Bawn Tallaght Dublin 24  ,Dublin Belgard D24HP38",Post Primary School  Roll number:_91336W e:_obcsdays@eircom.net w:_www.oldbawncs.ie, Principal:_Ursula McCabe ,Enrolment:_Boys:_532 Girls:_482    (2022/23) ,Ethos:_Inter Denominational   ,:_Tallaght-Firhouse ,Fees:_No 
145,Dublin-24,Firhouse Educate Together Secondary School ,Phone:_ 01 961 8199  ," Old Court Road, Ballycullen  ,Dublin D24FW9Y ",Post Primary School  Roll number:_68307J e:_hello@firhouseetss.ie w:_www.firhouseetss.ie, Principal:_Claire Matthews ,Enrolment:_Boys:_136 Girls:_131    (2022/23) ,Ethos:_Multi Denominational    ,,Fees:
146,Dublin-north-county-dublin,Loreto Secondary School ,Phone:_ 01-8411594  ," Balbriggan Co Dublin  ,Dublin Fingal K32R248",Post Primary School  Roll number:_60010P e:_office@loretobalbriggan.ie w:_www.loretobalbriggan.ie, Principal:_Ann M. Mcdonough  ,Enrolment:_Girls:_1260    (2022/23) ,Ethos:_Catholic   ,:_North Co. Dublin:_Balbriggan-Skerries-Rush ,Fees:_No 
147,Dublin-north-county-dublin,Trinity Comprehensive School ,Phone:_ 018428356  ," Ballymun Road  ,Dublin City D09TN22",Post Primary School  Roll number:_81017A e:_info@trinitycomp.ie w:_trinitycomprehensive.scoilnet.ie, Principal:_Frances L Neary ,Enrolment:_Boys:_294 Girls:_261    (2022/23) ,Ethos:_Catholic   ,:_Ballymun ,Fees:_Yes 
148,Dublin-north-county-dublin,Coláiste Ghlór Na Mara ,Phone:_ 01 8416269 / 086 4106239  ," Bóthar Na Háille, Baile Brigín  ,Dublin Fingal K32WV18",Post Primary School  Roll number:_68082L e:_runai@cgnm.ie w:_www.colaisteghlornamara.ie  Check out their Facebook page, Principal:_Maedhbh Daltúin ,Enrolment:_Boys:_249 Girls:_207    (2022/23) ,Ethos:_Multi Denominational    ,,Fees:
149,Dublin-north-county-dublin,Malahide Community School ,Phone:_ 01-8463244  ," Broomfield Malahide Co. Dublin  ,Dublin Fingal K36PR28",Post Primary School  Roll number:_91325R e:_office@malahidecs.ie w:_www.malahidecs.ie, Principal:_David Hayes ,Enrolment:_Boys:_606 Girls:_618    (2022/23) ,Ethos:_Inter Denominational   ,:_Malahide ,Fees:_No 
150,Dublin-north-county-dublin,Portmarnock Community School ,Phone:_ 01-8038056  ," Carrickhill Road Portmarnock Co Dublin  ,Dublin Fingal D13F766",Post Primary School  Roll number:_91324P e:_office@portmarnockcommunityschool.ie w:_www.portmarnockcommunityschool.ie, Principal:_Helen Tobin ,Enrolment:_Boys:_513 Girls:_405    (2022/23) ,Ethos:_Inter Denominational   ,:_Portmarnock ,Fees:_No 
151,Dublin-north-county-dublin,St Finians Community College ,Phone:_ 01-8402623  ," Castlefarm, Swords Co Dublin  ,Dublin Fingal K67YN93",Post Primary School  Roll number:_70120F e:_stfinians@ddletb.ie w:_stfinianscc.ie, Principal:_Ms. Patricia Knightly ,Enrolment:_Boys:_326 Girls:_318    (2022/23) ,Ethos:_Inter Denominational   ,:_Swords ,Fees:_No 
152,Dublin-north-county-dublin,Ardgillan Community College ,Phone:_ 019680734  ," Castlelands, Balbriggan, Co Dublin  ,Dublin Fingal K32KK33",Post Primary School  Roll number:_76129H e:_info@ardgillancc.ie w:_www.ardgillancc.ie, Principal:_Ms Nuala Ní Mhurchú  ,Enrolment:_Boys:_647 Girls:_351    (2022/23) ,Ethos:_Multi Denominational    ,,Fees:
153,Dublin-north-county-dublin,St Joseph's Secondary School ,Phone:_ 01-8437534  ," Convent Lane Rush Co. Dublin  ,Dublin Fingal K56A308",Post Primary School  Roll number:_60343T e:_office@stjosephsrush.ie w:_stjosephsrush.ie, Principal:_Daragh Nealon ,Enrolment:_Boys:_528 Girls:_395    (2022/23) ,Ethos:_Catholic   ,:_North Co. Dublin:_Balbriggan-Skerries-Rush ,Fees:_No 
154,Dublin-north-county-dublin,Malahide Portmarnock Etss ,Phone:_ 01 9079410  ," C/O Riasc Centre, Feltrim Road, Kinsealy  ,Dublin ",Post Primary School  Roll number:_68308L e:_ info@mpetss.ie  w:_www.mpetss.ie, Principal:_Aoife Kelly Gibson ,Enrolment:_Boys:_208 Girls:_139    (2022/23) ,Ethos:_Multi Denominational    ,,Fees:
155,Dublin-north-county-dublin,Swords Community College ,Phone:_   ," C/O St Finians Community College,   ,Dublin Fingal K67YN93",Post Primary School  Roll number:_76475D e:_info@swordscc.ie w:_www.swordscc.ie, Principal:_Mark McDonald ,Enrolment:_Boys:_425 Girls:_313    (2022/23) ,Ethos:_    ,,Fees:
156,Dublin-north-county-dublin,Coláiste Choilm ,Phone:_ 01-8401420  ," Dublin Road Swords Co Dublin  ,Dublin Fingal K67KW30",Post Primary School  Roll number:_60383I e:_info@colaistechoilmswords.ie, Principal:_Cathal Francis Boyle ,Enrolment:_Boys:_470    (2022/23) ,Ethos:_Catholic   ,:_Swords ,Fees:_No 
157,Dublin-north-county-dublin,Bremore Educate Together Secondary School ,Phone:_ 01 8415897    ," Naul Road, Balbriggan  ,Dublin ",Post Primary School  Roll number:_68262N e:_info@bremoreetss.com  w:_www.bremoreetss.com, Principal:_Kathy Jones  ,Enrolment:_Boys:_468 Girls:_259    (2022/23) ,Ethos:_Multi Denominational    ,,Fees:
158,Dublin-north-county-dublin,Balbriggan Community College ,Phone:_ 01-8412388  ," Pine Ridge Chapel St. Balbriggan  ,Dublin Fingal K32HE19",Post Primary School  Roll number:_70010V e:_info@balbriggancc.net w:_www.balbriggancommunitycollege.com, Principal:_Emmett Sheridan ,Enrolment:_Boys:_400 Girls:_256    (2022/23) ,Ethos:_Inter Denominational   ,:_North Co. Dublin:_Balbriggan-Skerries-Rush ,Fees:_No 
159,Dublin-north-county-dublin,Donabate Community College ,Phone:_ 01 8436726  ," Portrane Road, Donabate, Co Dublin  ,Dublin Fingal K36F598",Post Primary School  Roll number:_76104O e:_info@donabatecc.ie  w:_www.donabatecc.ie, Principal:_Anthony Creevey ,Enrolment:_Boys:_489 Girls:_348    (2022/23) ,Ethos:_Multi Denominational    ,,Fees:_No 
160,Dublin-north-county-dublin,Lusk Community College ,Phone:_ 01 5130000  ," Raheny Lane, Rathmore Road, Lusk, Co. Dublin  ,Dublin Fingal K45WN50",Post Primary School  Roll number:_76213T e:_admin.luskcc@ddletb.ie w:_www.luskcommunitycollege.ie  Check out their facebook!, Principal:_Pat Cole ,Enrolment:_Boys:_458 Girls:_420    (2022/23) ,Ethos:_    ,,Fees:
161,Dublin-north-county-dublin,Loreto College ,Phone:_ 01-8407025  ," River Valley, Swords, Co. Dublin  ,Dublin Fingal K67Y319",Post Primary School  Roll number:_60810B e:_office@loretoswords.ie w:_www.loretoswords.ie, Principal:_Mr Peter Macnamara ,Enrolment:_Girls:_641    (2022/23) ,Ethos:_Catholic   ,:_Swords ,Fees:_No 
162,Dublin-north-county-dublin,Fingal Community College ,Phone:_ 01-8405829  ," Seatown Road Swords Co Dublin  ,Dublin Fingal K67E330",Post Primary School  Roll number:_70121H e:_office@fingalcc.ie w:_www.fingalcc.ie, Principal:_Ms. Sharon McGrath ,Enrolment:_Boys:_465 Girls:_402    (2022/23) ,Ethos:_Inter Denominational   ,:_Swords ,Fees:_No 
163,Dublin-north-county-dublin,Skerries Community College ,Phone:_ 01-8490011  ," Skerries Co. Dublin  ,Dublin Fingal K34HH29",Post Primary School  Roll number:_76078Q e:_info@skerriescc.ie w:_www.skerriescommunitycollege.ie, Principal:_Kevin McLoughlin ,Enrolment:_Boys:_562 Girls:_468    (2022/23) ,Ethos:_Inter Denominational   ,:_North Co. Dublin:_Balbriggan-Skerries-Rush ,Fees:_No 
164,Dublin-south-county-dublin,Coláiste Eoin ,Phone:_ 01-2884002  ," Baile An Bhóthair Bóthair Stigh Lorgan Co Atha Cliath  ,Dun Laoghaire - Rathdown A94E122",Post Primary School  Roll number:_60041D e:_ce@eoiniosagain.ie w:_www.eoiniosagain.ie/eoin/, Principal:_Proinsias de Poire ,Enrolment:_Boys:_496    (2022/23) ,Ethos:_Catholic   ,:_Blackrock-Dun Laoghaire-Dalkey-Monkstown ,Fees:_No 
165,Dublin-south-county-dublin,St Joseph Of Cluny ,Phone:_ 01-2855027  ," Bellevue Park Ballinclea Rd Killiney  ,Dun Laoghaire - Rathdown A96DK13",Post Primary School  Roll number:_60260P e:_office@clunykilliney.ie  w:_www.clunykilliney.ie/, Principal:_Benedict Gerard Healy ,Enrolment:_Girls:_239    (2022/23) ,Ethos:_Catholic   ,:_Blackrock-Dun Laoghaire-Dalkey-Monkstown ,"Fees:_Yes €5,300"
166,Dublin-south-county-dublin,Blackrock College ,Phone:_ 01-2888681  ," Blackrock Co Dublin  ,Dun Laoghaire - Rathdown A94FK84",Post Primary School  Roll number:_60030V e:_info@blackrockcollege.com w:_www.blackrockcollege.ie  Check out their facebook!, Principal:_Alan MacGinty ,Enrolment:_Boys:_1036    (2022/23) ,Ethos:_Catholic   ,:_Blackrock-Dun Laoghaire-Dalkey-Monkstown ,"Fees:_Yes €7,665/7,825  (Boarding €19,900)"
167,Dublin-south-county-dublin,St Andrews College ,Phone:_ 01-2882785  ," Booterstown Ave Blackrock Co Dublin  ,Dun Laoghaire - Rathdown A94XN72",Post Primary School  Roll number:_60650F e:_information@st-andrews.ie w:_www.sac.ie, Principal:_Louise Marshall ,Enrolment:_Boys:_510 Girls:_519    (2022/23) ,Ethos:_Church Of Ireland   ,":_Non-Catholic Schools, Dublin ","Fees:_Yes €7,700"
168,Dublin-south-county-dublin,Booterstown Blackrock Dun Laoghaire Educate Together ,Phone:_   ," Booterstown, Dun Laoghaire  ,Dublin ",Post Primary School  Roll number:_68387K     , Principal:_Donal Evoy ,Enrolment:_Boys:_63 Girls:_35    (2022/23) ,Ethos:_Multi-Denominational    ,,Fees:
169,Dublin-south-county-dublin,Coláiste Iosagáin ,Phone:_ 01-2884028  ," Bóthar Stigh Lorgan Baile An Bhóthair Co Atha Cliath  ,Dun Laoghaire - Rathdown A94KV12",Post Primary School  Roll number:_60042F e:_colaisteiosagain1971@gmail.com w:_www.eoiniosagain.ie/iosagain/, Principal:_Sean Delap ,Enrolment:_Girls:_486    (2022/23) ,Ethos:_Catholic   ,:_Blackrock-Dun Laoghaire-Dalkey-Monkstown ,Fees:_No 
170,Dublin-south-county-dublin,Nord Anglia International School ,Phone:_ +353 1544 2323   ," Building 2, South County Business Park, Leopardstown  ,Dublin ",Post Primary School  Roll number:_000001 e:_admissions@naisdublin.com w:_www.nordangliaeducation.com/dublin  School Facebook Page, Principal:_Paul Crute ,Enrolment:_280   (2022/23) ,Ethos:_Multi Denominational    ,,Fees:_ Yes
171,Dublin-south-county-dublin,Clonkeen College ,Phone:_ 01-2892709  ," Clonkeen Road Blackrock Co Dublin  ,Dun Laoghaire - Rathdown A94P206",Post Primary School  Roll number:_60092U e:_reception@clonkeencollege.ie w:_www.clonkeencollege.ie, Principal:_Edward Melly ,Enrolment:_Boys:_617    (2022/23) ,Ethos:_Catholic   ,:_Blackrock-Dun Laoghaire-Dalkey-Monkstown ,Fees:_No 
172,Dublin-south-county-dublin,Loreto Abbey Secondary School ,Phone:_ 01-2718900  ," Dalkey Co Dublin  ,Dun Laoghaire - Rathdown A96YC81",Post Primary School  Roll number:_60130C e:_office@LoretoAbbeyDalkey.ie w:_www.loretoabbeydalkey.com, Principal:_Mr Robert Dunne ,Enrolment:_Girls:_732    (2022/23) ,Ethos:_Catholic   ,:_Blackrock-Dun Laoghaire-Dalkey-Monkstown ,"Fees:_Yes €4,400"
173,Dublin-south-county-dublin,Presentation Brothers Glasthule ,Phone:_ Closed June '07  ," Glasthule Dun Laoghaire Co Dublin  ,Dublin Belgard ",Post Primary School  Roll number:_60200U     , Principal:_Closed ,Enrolment:_Boys:_101    (2022/23) ,Ethos:_Catholic   ,:_Blackrock-Dun Laoghaire-Dalkey-Monkstown ,Fees:_No 
174,Dublin-south-county-dublin,Rathdown School ,Phone:_ 01-2853133  ," Glenageary Dun Laoghaire  ,Dun Laoghaire - Rathdown A96NX44",Post Primary School  Roll number:_60090Q e:_admin@rathdownschool.ie  w:_www.rathdownschool.ie/, Principal:_Brian Moore ,Enrolment:_Girls:_303    (2022/23) ,Ethos:_Church Of Ireland   ,":_Non-Catholic Schools, Dublin ","Fees:_Yes 7,830 (Boarding 21,630)"
175,Dublin-south-county-dublin,Blackrock Further Education Institute ,Phone:_ 012889717  ," Main Street, Blackrock, Co Dublin  ,Dun Laoghaire - Rathdown ",Post Primary School  Roll number:_70030E e:_office@bfei.ie w:_www.bfei.ie, Principal:_Tom Taylor ,Enrolment:_Boys:_305 Girls:_498    (2022/23) ,Ethos:_Inter Denominational   ,:_Blackrock-Dun Laoghaire-Dalkey-Monkstown ,Fees:_No 
176,Dublin-south-county-dublin,Holy Child Secondary School ,Phone:_ 01-2823120  ," Military Road Killiney Co. Dublin  ,Dun Laoghaire - Rathdown A96XP82",Post Primary School  Roll number:_60250M e:_admin@holychildkilliney.ie w:_www.holychildkilliney.ie, Principal:_Caroline Mary O'Brien ,Enrolment:_Girls:_401    (2022/23) ,Ethos:_Catholic   ,:_Blackrock-Dun Laoghaire-Dalkey-Monkstown ,"Fees:_Yes €6,400"
177,Dublin-south-county-dublin,Christian Brothers College ,Phone:_ 01-2805854  ," Monkstown Park Dun Laoghaire Co Dublin  ,Dun Laoghaire - Rathdown A96TF64",Post Primary School  Roll number:_60180R e:_cbcmonkstown@outlook.com w:_www.cbcmonkstown.ie, Principal:_Gerry Duffy ,Enrolment:_Boys:_526    (2022/23) ,Ethos:_Catholic   ,:_Blackrock-Dun Laoghaire-Dalkey-Monkstown ,"Fees:_Yes €4,630"
178,Dublin-south-county-dublin,Oatlands College ,Phone:_ 01-2888533  ," Mount Merrion Blackrock Co Dublin  ,Dun Laoghaire - Rathdown A94HX38",Post Primary School  Roll number:_60050E e:_admin@oatlands.net w:_www.oatlands.net, Principal:_Caroline Garrett ,Enrolment:_Boys:_641    (2022/23) ,Ethos:_Catholic   ,:_Milltown-Goatstown-Stillorgan-Kilmacud-Mt. Merrion ,Fees:_No 
179,Dublin-south-county-dublin,Newpark Comprehensive School ,Phone:_ 01-2883724  ," Newtown Park Avenue Blackrock Co Dublin  ,Dun Laoghaire - Rathdown A94EV70",Post Primary School  Roll number:_81001I e:_office@newparkschool.ie w:_www.newparkschool.ie, Principal:_Eoin Norton ,Enrolment:_Boys:_466 Girls:_390    (2022/23) ,Ethos:_Church Of Ireland   ,":_Non-Catholic Schools, Dublin ",Fees:_No 
180,Dublin-south-county-dublin,John Scottus Secondary School ,Phone:_ 01-6680828  ," Old Conna, Ferndale Road, Rathmichael, Co. Dublin.   ,Dun Laoghaire - Rathdown ",Post Primary School  Roll number:_68071G e:_secondary@johnscottus.ie w:_www.johnscottus.ie, Principal:_Declan Kelly ,Enrolment:_Boys:_100 Girls:_84    (2022/23) ,Ethos:_Inter Denominational    ,,"Fees:_Yes €5,500"
181,Dublin-south-county-dublin,Holy Child Community School ,Phone:_ 01-2855334  ," Pearse St Sallynoggin Co Dublin  ,Dun Laoghaire - Rathdown A96E0C9",Post Primary School  Roll number:_91330K e:_office@holychildcommunityschool.ie w:_www.holychildcs.ie, Principal:_Valerie Maher ,Enrolment:_Boys:_151 Girls:_112    (2022/23) ,Ethos:_Inter Denominational   ,:_Cabinteely-Sallynoggin-Ballybrack-Shankill-Loughlinstown ,Fees:_No 
182,Dublin-south-county-dublin,Willow Park School ,Phone:_ 01-2881651  ," Rock Road Blackrock Co Dublin  ,Dun Laoghaire - Rathdown A94TW98",Post Primary School  Roll number:_60040B e:_admin@willowparkschool.ie w:_www.willowparkschool.ie, Principal:_Alan James Thomas Rogan ,Enrolment:_Boys:_216    (2022/23) ,Ethos:_Catholic   ,:_Blackrock-Dun Laoghaire-Dalkey-Monkstown ,Fees:_Yes 
183,Dublin-south-county-dublin,Sion Hill College ,Phone:_ 01-2886791  ," Sion Hill Blackrock Co Dublin  ,Dun Laoghaire - Rathdown A94TP97",Post Primary School  Roll number:_60070K e:_admin@sionhillcollege.ie w:_www.sionhillcollege.ie, Principal:_Orla Condren ,Enrolment:_Girls:_508    (2022/23) ,Ethos:_Catholic   ,:_Blackrock-Dun Laoghaire-Dalkey-Monkstown ,Fees:_No 
184,Dublin-south-county-dublin,Rockford Manor Secondary School ,Phone:_ 01-2801522  ," Stradbrook Rd Blackrock Co Dublin  ,Dun Laoghaire - Rathdown A94H294",Post Primary School  Roll number:_60081P e:_info@rockfordmanor.ie w:_www.rockfordmanor.ie, Principal:_Mary Gallagher ,Enrolment:_Girls:_321    (2022/23) ,Ethos:_Catholic   ,:_Blackrock-Dun Laoghaire-Dalkey-Monkstown ,Fees:_No 
185,Dublin-south-county-dublin,St Benildus College ,Phone:_ 01 2986539 / 01-2987836  ," Upper Kilmacud Rd Stillorgan Blackrock  ,Dun Laoghaire - Rathdown A94X886",Post Primary School  Roll number:_60261R e:_stbenildusoffice@stbenilduscollege.com w:_www.stbenilduscollege.com, Principal:_Mary P Brohan ,Enrolment:_Boys:_886    (2022/23) ,Ethos:_Catholic   ,:_Milltown-Goatstown-Stillorgan-Kilmacud-Mt. Merrion ,Fees:_No 
186,Dublin-south-county-dublin,St Raphaela's Secondary School ,Phone:_ 01-2888730  ," Upper Kilmacud Road Stillorgan Co Dublin  ,Dun Laoghaire - Rathdown A94NT29",Post Primary School  Roll number:_60361V e:_secretary@straphaelas.ie w:_www.straphaelas.ie, Principal:_Eileen O' Donnell ,Enrolment:_Girls:_624    (2022/23) ,Ethos:_Catholic   ,:_Milltown-Goatstown-Stillorgan-Kilmacud-Mt. Merrion ,Fees:_No 
187,Dublin-west-county-dublin,Kishoge Community College ,Phone:_ 01 6877482  ," Clonburris, Lucan, Co. Dublin  ,Dublin Belgard K78DC89",Post Primary School  Roll number:_76152C e:_reception@kishogecc.ie w:_www.kishogecc.ie, Principal:_Niall Hare ,Enrolment:_Boys:_474 Girls:_458    (2022/23) ,Ethos:_Multi-Denominational    ,,Fees:
188,Dublin-west-county-dublin,Lucan Community College ,Phone:_ 01-6282077  ," Esker Drive Lucan Co Dublin  ,Dublin Belgard K78TF67",Post Primary School  Roll number:_70080T e:_admin@lucancc.ie w:_www.lucancc.ie, Principal:_Ms. Diane Birnie ,Enrolment:_Boys:_511 Girls:_407    (2022/23) ,Ethos:_Inter Denominational   ,:_Lucan ,Fees:_No 
189,Dublin-west-county-dublin,Coláiste Cois Life ,Phone:_ 016211825  ," Gleann An Ghrífín Leamhcán Co Atha Cliath  ,Dublin Belgard K78Y330",Post Primary School  Roll number:_76065H e:_eolas@colaistecoislife.ie w:_www.colaistecoislife.ie, Principal:_Tomás Ó Donnagáin ,Enrolment:_Boys:_295 Girls:_359    (2022/23) ,Ethos:_Inter Denominational   ,:_Lucan ,Fees:_No 
190,Dublin-west-county-dublin,Holy Family Community School ,Phone:_ 01-4580766  ," Kilteel Road Rathcoole Co Dublin  ,Dublin Belgard D24FT54",Post Primary School  Roll number:_91301D e:_info@hfcs.ie w:_www.hfcs.ie, Principal:_Ingrid Fallon ,Enrolment:_Boys:_532 Girls:_454    (2022/23) ,Ethos:_Inter Denominational   ,:_Rathcoole ,Fees:_No 
191,Dublin-west-county-dublin,St Josephs College ,Phone:_ 01-6281160  ," Lucan Co Dublin  ,Dublin Belgard K78VW74",Post Primary School  Roll number:_60263V e:_stjosephslucan@gmail.com w:_www.stjosephslucan.ie, Principal:_Bernadette Fitzgerald ,Enrolment:_Girls:_917    (2022/23) ,Ethos:_Catholic   ,:_Lucan ,Fees:_No 
192,Dublin-west-county-dublin,Collinstown Park Community College ,Phone:_ 01-4572300  ," Neilstown Rd. Rowlagh Clondalkin  ,Dublin Belgard D22X458",Post Primary School  Roll number:_70041J e:_collinstown@ddletb.ie w:_www.collinstownpark.ie, Principal:_Pauline Duffy ,Enrolment:_Boys:_310 Girls:_271    (2022/23) ,Ethos:_Inter Denominational   ,:_Clondalkin ,Fees:_No 
193,Dublin-west-county-dublin,Coláiste De Hide ,Phone:_ 01-4513984  ," Páirc Thigh Motháin Br Thigh Motháin Thuaidh Tamhlacht  ,Dublin Belgard D24NP82",Post Primary School  Roll number:_70021D e:_eolas@colaistedehide.ie w:_www.colaistedehide.ie, Principal:_Conchubhair Mac Ghloinn ,Enrolment:_Boys:_121 Girls:_157    (2022/23) ,Ethos:_Inter Denominational   ,":_All-Irish School, West Dublin ",Fees:_No 
194,Dublin-west-county-dublin,Coláiste Phádraig Cbs ,Phone:_ 01-6282299  ," Roselawn Lucan Co Dublin  ,Dublin Belgard K78E927",Post Primary School  Roll number:_60264A e:_admin@colaistephadraig.com w:_colaistephadraiglucan.ie, Principal:_Anthony J Brady ,Enrolment:_Boys:_620    (2022/23) ,Ethos:_Catholic   ,:_Lucan ,Fees:_No 
195,Dublin-west-county-dublin,Adamstown Community College ,Phone:_ 01 6540348  ," Station Road, Adamstown, Co Dublin  ,Dublin Belgard K78WP89",Post Primary School  Roll number:_76097U e:_info.adamstowncc@ddletb.ie w:_www.adamstowncc.ie, Principal:_Dave Anderson ,Enrolment:_Boys:_533 Girls:_422    (2022/23) ,Ethos:_Multi Denominational    ,,Fees:
